variant	label	chr	score1	score2	score3	score4	score5
chr1_63671_G_A	0	chr1	0.267451615702965	0.00145465306455921	-0.00014491081237793	0.0028262138	0.00020218
chr1_115746_C_T	0	chr1	0.205321234078729	-0.0110154643801922	-8.80956649780274e-06	-0.0021066666	6.4066e-05
chr1_135203_G_A	0	chr1	-0.0425124378673262	0.00180124810123526	-9.6440315246582e-06	0.005449295	0.0001252
chr1_135203_G_A	0	chr1	-0.254727165190044	0.00180124810123526	-9.6440315246582e-06	0.01097995	0.00013088
chr1_135203_G_A	0	chr1	-0.00645928070032231	0.00180124810123526	-9.6440315246582e-06	0.006114483	0.00015144
chr1_135203_G_A	0	chr1	0.0021969977021509	0.00180124810123526	-9.6440315246582e-06	0.00025749207	7.6052e-07
chr1_629292_A_C	0	chr1	0.0797995551575235	0.00213405855163329	-1.34706497192383e-06	-0.070296824	0
chr1_1426961_G_A	0	chr1	-4.1472614063893	-0.0231353998202379	7.51733779907227e-05	-0.00085292396	5.2074e-07
chr1_1500425_A_G	0	chr1	-0.90578519119073	0.0195910410558473	-6.22391700744629e-05	0.00016072902	2.7383e-07
chr1_1500427_C_T	0	chr1	0.686720463643398	-0.0059202419295999	-0.000125670433044434	0.0005513555	4.2383e-07
chr1_836648_G_A	0	chr1	0.0246363443383589	-0.00148726931856834	-5.23686408996582e-05	-0.0036199093	7.9738e-05
chr1_844876_A_T	0	chr1	0.381756351426165	0.00137682172156953	0.000240719318389893	0.0010647774	3.627e-05
chr1_946653_G_A	0	chr1	0.113464519238198	-0.000772803020756184	6.64591789245605e-05	0.0011133552	7.6464e-05
chr1_943937_C_T	0	chr1	0.26333768624049	-0.00776641127679112	0.000157511234283447	0.0050460696	0.00062596
chr1_945010_C_A	0	chr1	-0.198372692255884	-0.0150105086766575	5.63859939575195e-05	-4.4941902e-05	0.00013016
chr1_951004_G_A	0	chr1	0.0727241461782526	-0.00972245987008585	4.96029853820801e-05	0.0004284978	0.00018381
chr1_951679_G_A	0	chr1	-0.0405507636120586	0.00838174903876984	-0.000281155109405518	0.0006853342	0.00023647
chr1_954915_G_C	0	chr1	-0.0503214005106036	-0.00291302018983224	0.000235700607299805	-0.00067192316	0.00010659
chr1_957080_G_C	0	chr1	0.177754140779594	0.00153493507449619	-0.000159692764282227	0.00045266747	0.0002852
chr1_960953_C_T	0	chr1	-0.0300446133909267	-0.0135135100618538	-0.000546956062316895	0.00055897236	0.0080818
chr1_966689_T_C	0	chr1	-0.0241150185829575	-0.0365550479348613	0.00078960657119751	-0.00061917305	0.0034117
chr1_959193_G_A	1	chr1	-0.0501374978278042	-0.00297702350971285	-0.00266375541687012	-0.003097415	0.0021961
chr1_950319_A_G	0	chr1	0.0202075502380374	0.00913881553039064	0.000113487243652344	0.0013239384	0.00015224
chr1_950626_T_C	0	chr1	-0.00115717458597775	0.00957593043970612	8.0573558807373e-05	-0.00043344498	0.00014584
chr1_952421_A_G	0	chr1	-0.0583519771192385	0.0057686567154038	0.000156831741333008	0.009489775	0.00015144
chr1_953259_T_C	0	chr1	-0.0481700123407038	0.00795446610642071	-0.000126326084136963	0.0032448769	0.00011472
chr1_953279_T_C	0	chr1	0.0130086142884536	-0.00760494645652833	0.000823104381561279	0.0014984608	0.00018981
chr1_957365_G_A	0	chr1	-0.115647085833749	0.0015707682077209	0.000429177284240723	0.0046725273	0.00010357
chr1_962943_T_C	0	chr1	-0.0345374681284105	0.00453582431964927	2.7775764465332e-05	0.0016851425	0.00025743
chr1_964906_A_G	1	chr1	0.000962411819931841	0.00152981495663473	-0.000188541412353516	0.00057172775	0.0036642
chr1_965592_T_G	1	chr1	0.136819755723494	0.000458108688311504	0.000527858734130859	-0.0037076473	0.001777
chr1_979560_T_C	0	chr1	0.00917144151279103	0.00179327052770689	5.35130500793457e-05	-0.00026893616	9.3139e-05
chr1_981169_A_G	0	chr1	-0.157150489065801	0.00682646469614326	5.49077987670898e-05	-0.0022258759	6.1193e-05
chr1_981454_G_A	0	chr1	-0.0277271235530205	-0.00552897237447514	-1.60098075866699e-05	-0.0021784306	7.9112e-05
chr1_983193_A_G	0	chr1	0.0926424723505231	0.0111220622100453	7.60793685913086e-05	-0.00022697449	5.1731e-05
chr1_986336_C_A	0	chr1	-0.0265317619774643	-0.00835826653803413	-0.000188672542572021	0.002817154	0.00021095
chr1_989148_C_A	0	chr1	0.160866117104356	-0.0122351402403272	0.000625312328338623	0.0022649765	0.0001252
chr1_999842_C_A	1	chr1	-0.2472810646681	0.0953394431387149	-0.000225627422332764	0.031227112	0.00094369
chr1_1004716_C_T	0	chr1	-0.000683920504896518	0.00606813026905806	4.35471534729004e-05	0.0005364418	0.0001862
chr1_1000079_A_G	1	chr1	0.144682701427641	-0.0541377380370869	0.00203864574432373	0.16807675	0.00086591
chr1_1000112_G_T	1	chr1	-2.9106293719836	-0.248713927381822	-0.0114801406860352	-0.7374742	0.0042218
chr1_1013490_C_G	1	chr1	10.3868548688586	0.305935764386826	0.025030517578125	0.23822784	0.013295
chr1_1013541_T_C	0	chr1	1.46323882754297	0.00651125039619327	-0.000729310512542725	0.020152211	0.013175
chr1_1010094_C_T	0	chr1	-0.00973005300359642	-0.00857522701448951	-0.000122904777526855	-7.247925e-05	9.7059e-05
chr1_1010232_C_T	0	chr1	-0.00628534380442902	0.00131400570438196	0.000102746486663818	-0.0011150837	0.00027893
chr1_1011654_G_A	0	chr1	0.0799691227206725	-0.00920974022805487	-0.00102803707122803	-0.0042836666	0.001974
chr1_1012158_C_T	0	chr1	0.0108563404771687	-0.00211803317931504	0.000197136402130127	-0.003872633	0.00067914
chr1_1013312_G_A	0	chr1	-0.334296277958579	0.00457245226971459	0.00168886184692383	0.0018980503	0.0039962
chr1_1013490_C_G	0	chr1	4.44365314377344	0.305935764386826	0.025030517578125	0.021980524	0.02307
chr1_1013541_T_C	0	chr1	-0.0385429669345201	0.00651125039619327	-0.000729310512542725	-0.0045278072	0.013295
chr1_1013855_G_A	0	chr1	-0.0867431872522006	-0.0206793811213495	-0.00122611522674561	0.001265049	0.0031573
chr1_1015336_A_T	0	chr1	0.092452835437371	-0.00020609647265174	0.000520861148834229	-0.0034489632	0.00021095
chr1_1015950_G_A	0	chr1	-0.183384335090873	-0.00421244274166029	-0.000252652168273926	-0.0021343231	0.0034117
chr1_1063015_A_G	0	chr1	0.414895864244199	0.00137503723824856	-0.000287353992462158	-0.0010709763	0.0080818
chr1_1065797_G_C	0	chr1	2.09307848691386	-0.0715264171495542	0.000370585918426514	0.0019454956	0.00041466
chr1_1067552_C_G	0	chr1	0.00782589289592317	-0.00891343630194363	-0.000385868549346924	-0.0076375008	0.00033502
chr1_1068249_C_T	0	chr1	0.661494195455543	-0.000978964606052013	-0.000356841087341309	0.02852583	0.00022714
chr1_1071610_G_A	0	chr1	0.0580607837765879	-0.00817369645473948	-6.21557235717773e-05	0.0005168915	7.9058e-05
chr1_1080437_G_A	0	chr1	0.0165763168575298	0.011728045130228	-6.07609748840332e-05	0.0033288002	0.00019538
chr1_1098863_C_T	0	chr1	-0.0129397280296177	-0.00084650004204298	2.62737274169922e-05	0.00063705444	8.727e-05
chr1_1091327_C_A	1	chr1	0.482057797428635	-0.0166881504362907	1.1742115020752e-05	0.012594461	9.3139e-05
chr1_1131023_T_C	0	chr1	-0.0335377232269426	0.00376028986234281	1.16825103759766e-06	0.0022740364	8.1628e-05
chr1_1131566_A_G	0	chr1	-0.0167902245424482	0.00207577211727764	2.68340110778809e-05	-0.0001487732	9.0751e-05
chr1_1131572_A_G	0	chr1	-0.0726061288702607	-0.00725377760241026	3.24845314025879e-05	0.0022621155	0.00027709
chr1_1131573_T_C	0	chr1	0.0092554543263389	0.00447034920179301	9.46521759033203e-06	-0.0033426285	5.1466e-05
chr1_1135738_G_C	0	chr1	-0.0311097232397216	0.00885091770104945	0.000130784511566162	0.012228966	0.00010012
chr1_1137118_G_C	1	chr1	-0.996255654393037	0.00246015757176399	-0.000159239768981934	-0.008038998	0.00029335
chr1_1217251_C_A	1	chr1	0.0105804343825158	0.00948091481571833	0.00528855323791504	0.0008416176	0.00034222
chr1_1217251_C_A	0	chr1	0.0102779414603296	0.00948091481571833	0.00528855323791504	0.006869912	0.00070985
chr1_1217733_G_A	0	chr1	0.166742542275979	-0.00956978005502213	0.000287139415740967	-0.0017150044	0.0019174
chr1_1254826_G_A	0	chr1	0.0343639994305804	-0.0240459345360772	4.68254089355469e-05	-0.0017850399	0.00022361
chr1_1260213_G_A	0	chr1	0.0276214553636658	-0.0101946091414564	0.00018916130065918	0.00048589706	0.00016503
chr1_1260310_G_C	0	chr1	0.00266820294923953	-0.0782885843709845	-0.000639986991882324	-0.00064611435	0.00091243
chr1_1260994_C_T	1	chr1	-0.200761888578163	-0.0147185874548717	-0.000210773944854736	-0.0010361671	0.0048885
chr1_1274102_G_A	0	chr1	-0.329288166167746	-0.0234655450582268	-0.00107015371322632	0.0027885437	0.0041863
chr1_1278550_T_C	0	chr1	-0.158281849719147	-0.000211825074196564	0.000164139270782471	-0.0029730797	0.00023719
chr1_1279882_T_C	0	chr1	-2.24428342941475	0.00131138390718745	-0.000608634948730469	-0.025930166	0.00030081
chr1_1280416_A_G	0	chr1	-0.0949136787241147	-0.00121763018100698	-0.000343883037567139	-0.011008024	0.00025544
chr1_1284395_C_T	0	chr1	0.341404294089935	0.000265368617319833	1.85489654541016e-05	0.0007100105	0.00028783
chr1_1327211_C_T	1	chr1	-0.516786502172593	-0.0209635021347691	0.000329804420471191	-0.009277821	0.00032468
chr1_1327982_G_A	1	chr1	0.374711744377145	-0.0033846415499989	0.00145769119262695	-0.0042595863	0.00031371
chr1_1330080_T_C	1	chr1	0.180354755564244	0.0160103529865053	0.000972175598144531	-0.0023269653	0.00020029
chr1_1357046_C_G	0	chr1	0.0107155208087608	0.0112752304199172	-3.17215919494629e-05	0.0011501312	0.00013512
chr1_1357369_C_T	0	chr1	0.013728186209061	-0.00527550367069832	-0.000249218940734863	0.0011901855	0.00023541
chr1_1359943_G_A	0	chr1	0.169786568314221	-0.0592787874162254	0.00064234733581543	-0.0028352737	7.4481e-05
chr1_1360023_T_C	0	chr1	-0.0781943862667172	-0.00598810166904318	-0.000472354888916016	-0.0025730133	7.6069e-05
chr1_1389777_G_A	0	chr1	0.0012712991058299	0.000190033621319356	0.00065615177154541	0.0012928247	0.00010102
chr1_1400626_C_T	1	chr1	-4.22466008395288	-0.0329162833299463	-0.00143865346908569	-0.12664711	0.00051324
chr1_1310923_G_A	0	chr1	0.000101801032324822	-0.00161648925777941	0.000336992740631104	0.0007850826	1.806e-05
chr1_1351870_C_G	0	chr1	-0.0111953250315642	0.0292643895251007	0.000189900398254395	0.002569288	6.1167e-05
chr1_1407014_G_A	1	chr1	-4.83172511683303	-0.291311353304604	-0.0183818817138672	-0.22609234	0.011015
chr1_1384749_C_G	0	chr1	0.000380435867835871	3.18621622914239e-05	0.000144016742706299	0.0011949539	0.00021095
chr1_1387698_A_G	0	chr1	0.0411015749048644	0.027991146138186	-0.000939762592315674	0.0018056631	0.00035228
chr1_1388944_G_A	0	chr1	-0.00567463808784119	-0.0017582220691206	-0.000745606422424316	0.00022876263	0.00030708
chr1_1389827_C_T	0	chr1	-0.0183701148869222	0.00440789758285096	0.00112274885177612	-0.0005276203	0.0002664
chr1_1394423_A_G	0	chr1	-0.0201370645066117	0.0437371651855821	0.0006980299949646	0.0049833357	0.00027709
chr1_1395346_A_G	0	chr1	-0.00092525752866468	0.0461429864143453	0.000954604148864746	0.00012096763	0.00022291
chr1_1400410_A_G	0	chr1	-0.0171887883782569	-0.00589838917606944	-0.000486528873443604	-0.0036424994	0.0081267
chr1_1402457_A_G	1	chr1	0.236108213020107	0.00683949606078077	0.000243854522705078	0.003267616	0.00013965
chr1_1411323_A_C	0	chr1	0.00246116429317667	0.00810425826427691	3.94582748413086e-06	0.0014173388	0.00028338
chr1_1395050_G_A	0	chr1	-0.0017206252343045	-0.0170023142097254	-0.000392699241638184	0.0033795834	8.4987e-05
chr1_1399922_C_T	0	chr1	-0.0894003551645211	0.0623454992685448	0.000320780277252197	-0.00053596497	0.0011528
chr1_1402900_A_G	0	chr1	-0.00968241766079581	0.00115313128808466	-5.09858131408691e-05	-0.0018634796	0.00023363
chr1_1405316_T_C	0	chr1	-0.0162607357354542	0.00110846275108142	-1.94072723388672e-05	-0.0018372536	0.00021095
chr1_1408286_G_A	1	chr1	-10.7075113329244	-0.0017150467511754	-0.000613927841186523	-0.32947564	0.00041466
chr1_1409306_A_G	1	chr1	-0.0253118272535903	0.0208673824215113	7.44700431823731e-05	0.001106739	0.00017095
chr16_15386480_A_T	0	chr16	0.189580613457084	-0.00102105817415635	1.27673149108887e-05	-0.0011698008	2.7383e-07
chr16_15389945_C_T	0	chr16	-2.34437189008274	0.00027591632888321	3.95774841308594e-06	-0.0004954338	3.0604e-07
chr16_14802183_G_A	0	chr16	-0.0606101387493885	0.00620403727737172	-6.22749328613281e-05	-0.00074362755	0
chr16_14855373_C_A	0	chr16	-0.00118864926810192	2.19638553267745e-05	-1.76548957824707e-05	0.0008075237	0
chr16_15516406_T_C	0	chr16	0.273903153942065	-9.66707654557961e-05	1.56760215759277e-05	4.9350943e-05	1.8855e-07
chr16_15532389_T_G	0	chr16	-0.193568896894076	-0.000966087688610479	-1.20282173156738e-05	0.00020818795	1.6687e-07
chr16_15533103_A_G	0	chr16	1.12103447903939	-0.000468454044273016	-6.39438629150391e-05	0.0002281257	1.8793e-07
chr16_15533861_C_A	0	chr16	-0.321997957711063	-0.00128496897474402	-4.23431396484375e-05	0.00040843317	1.8793e-07
chr16_15535980_A_G	0	chr16	0.815279232435187	0.00419398749201433	3.94940376281738e-05	-9.545508e-07	5.2074e-07
chr5_69502291_G_A	0	chr5	0.0539445523117347	-0.0127853715163639	-5.91278076171875e-06	0.00052404404	9.189e-06
chr5_69465607_A_C	0	chr5	0.0569895908270641	-1.54002947932459e-05	-4.41074371337891e-07	0.0005915165	0
chr5_69314186_C_T	0	chr5	0.00137286998172192	-0.00062813545083969	7.21335411071777e-05	0.001683712	0
chr5_69455979_C_T	0	chr5	-0.576902303517941	0.00624917490716436	0.000102782249450684	-0.0006825924	0
chr5_69488382_C_G	0	chr5	-0.0278285595300068	-0.0121655946674036	7.39097595214844e-07	-0.00044059753	0
chr5_69519293_G_A	0	chr5	-0.00287799425120494	-0.000166777185918773	-4.62532043457031e-06	-0.0001411438	0
chr5_69529518_C_A	0	chr5	-0.0146699332037622	2.6669029837138e-05	-5.65528869628906e-05	-0.0006184578	0
chr5_69530419_C_T	0	chr5	0.00290038121435161	-0.000194886853002962	0.000107002258300781	-0.0018298626	0
chr5_69530970_A_G	0	chr5	-0.178063307477296	0.00383512153746529	1.63912773132324e-05	-0.002215147	0
chr5_69531164_C_G	0	chr5	-0.205788579271567	-0.0125988990208584	-0.000372326374053955	-0.0011153221	0
chr5_69300370_A_G	0	chr5	-0.000161400677040291	0.000664387364801261	0.000187885761260986	-0.00027012825	5.1604e-07
chr5_69529254_T_C	0	chr5	0.0184220219358329	-0.000958738079803258	-8.19683074951172e-05	0.0003695488	0
chr5_69180615_T_C	0	chr5	-0.576561854950806	-0.000219386959444314	4.20808792114258e-06	-0.002487421	2.7383e-07
chr5_69357232_G_A	0	chr5	0.0165945177329332	-0.000718079752210152	0.000135219097137451	-0.00090527534	1.474e-06
chr5_69375836_T_A	0	chr5	0.0896447856155032	-0.000301447276823304	-0.000891315937042236	0.0004196167	0
chr5_69513007_C_T	0	chr5	0.00961280814857575	-0.0313018915785155	5.52654266357422e-05	-2.3841858e-07	0
chr5_69511590_A_T	0	chr5	-0.00796331567794641	0.000464495796024644	-8.03470611572266e-06	-0.00032782555	5.1766e-06
chr5_69512674_A_G	0	chr5	-0.0160663967408319	-0.0094500968201327	-6.53266906738281e-06	-0.00024366379	3.5765e-05
chr5_69524521_G_T	0	chr5	0.00351687981124654	0.000986628748641378	-7.20024108886719e-06	-0.0009741783	1.8747e-05
chr5_69528483_T_C	0	chr5	-0.00964188027426528	0.000393663956885615	5.54084777832031e-05	-5.030632e-05	7.5798e-05
chr5_69533593_G_A	0	chr5	-0.0247661857039653	0.00284147469285003	-1.78933143615723e-05	-0.00057291985	0.00022072
chr5_69517905_T_C	0	chr5	-0.0685830002300365	-0.0499079183820914	-6.52670860290527e-05	0.0010633469	1.0822e-05
chr5_69497101_A_G	1	chr5	0.036442793083208	0.0190561929429243	6.65426254272461e-05	-0.0003809929	1.4373e-05
chr5_69386709_A_C	0	chr5	-0.0170958567897509	0.00257849307506913	-0.000567018985748291	-0.001046896	4.606e-06
chr5_69559874_G_A	0	chr5	-0.0862969540779638	0.00736704189465609	0.000373327732086182	0.00042676926	0
chr5_69529267_A_G	0	chr5	0.00159440619093851	0.000569191543458868	1.53541564941406e-05	0.000101566315	0
chr5_69532545_T_C	0	chr5	-0.00466461656191026	0.00212963584723425	-2.89440155029297e-05	0.0005283356	0
chr5_69498181_A_G	0	chr5	-0.0168847106162854	-0.0101983561963805	-1.18851661682129e-05	-0.000977993	0
chr15_100603074_A_C	0	chr15	0.530715493246595	0.0935878840942548	9.6583366394043e-05	-0.0010766983	0.0002524
chr15_100603326_C_A	0	chr15	0.124688131581478	0.0113323481882015	-0.0010993480682373	-0.0032941103	0.0077793
chr14_105064460_A_G	0	chr14	-0.440355407512594	0.00537869368693042	-0.000829482078552246	-0.0037582815	0
chr14_105069823_C_T	0	chr14	0.19151476304266	-0.00309242480226254	0.0010127067565918	0.0019752681	0
chr14_105045788_T_C	0	chr14	0.00513959323879343	-0.0702815257936571	1.45912170410156e-05	-0.0028194785	0
chr14_105061465_G_A	0	chr14	0.609799321550716	0.172338297638219	0.0028911828994751	0.014698029	0
chr14_105073537_C_T	0	chr14	-0.0455606183859905	-0.000683023768496799	-0.000216567516326904	-0.00018724799	0
chr14_105077270_G_A	0	chr14	0.0546223625982709	-0.00567738125993217	-0.000581872463226318	-0.008302823	0
chr21_41362064_G_A	1	chr21	-4.15006460692628	-0.104321488259287	-0.0318126678466797	-0.15229785	0.031401
chr21_41378915_C_T	0	chr21	0.0537902377470401	0.00107655234373921	2.6857852935791e-05	0.00016474724	7.9504e-05
chr21_41380411_A_G	0	chr21	-0.137185179344856	0.0646672496319216	-0.000369477272033691	0.0002554655	0.00025707
chr21_41370109_C_A	0	chr21	1.66961501599079	0.159376797215371	0.00988273620605469	-0.07490599	0.0021023
chr21_41390436_T_C	0	chr21	-0.34227703488907	0.00520577873819583	-8.05854797363281e-05	-0.0024764538	0.00015168
chr21_41377634_G_A	0	chr21	-1.42273427368199	0.00247312059818691	-0.000182342529296875	-0.0020405054	0.00030011
chr21_41390727_C_T	0	chr21	0.468806730320792	-0.0154054177342601	-0.00114331245422363	0.0022377372	3.5005e-05
chr21_41391425_C_A	0	chr21	0.0795227542444445	0.000171603932139615	-0.000280356407165527	3.3676624e-05	6.0428e-05
chr21_41362402_G_A	0	chr21	-3.09007569602462	0.0549316657150865	-0.00711498260498047	-0.025484324	0.002571
chr21_41367741_C_T	0	chr21	0.89198028566093	-0.00579575977881508	0.000736761093139648	0.007418394	0.00023363
chr21_41368561_A_G	0	chr21	0.165065786686321	0.000560853716696605	0.000420236587524414	0.0015699863	0.00029775
chr21_41406749_G_A	0	chr21	-1.61001315784076	0.00363124972102943	0.000350546836853027	-0.004070878	0.00024404
chr21_41408746_C_A	0	chr21	0.933860695849706	0.000642761563684556	-0.000713515281677246	0.0022668839	4.5185e-05
chr21_41367319_T_C	0	chr21	-0.469506701856181	0.00273533905601182	-0.00195608139038086	-0.006551504	0
chr12_131949846_G_T	0	chr12	1.32177526410665	-0.184239175265581	-0.00976963043212891	0.0029244423	0.0024304
chr15_81596365_G_C	0	chr15	3.44430074244278	0.0198081752461881	0.000230145454406738	0.007490635	2.3603e-07
chr15_81609919_C_T	0	chr15	-0.2161067374166	0.00176025351701004	-9.95397567749023e-06	0.0026817322	3.5184e-07
chr15_81611527_G_T	0	chr15	0.02103375943951	0.00136676742826491	-1.81913375854492e-05	-0.0014481544	1.9841e-07
chr15_81611531_T_C	0	chr15	-0.0942748456376344	0.000786808975718273	-2.86102294921875e-07	4.2676926e-05	2.1722e-07
chr22_20700300_T_C	1	chr22	1.0267421901501	0.00334028850712604	0.00019838809967041	-0.00016884596	2.3603e-07
chr22_21447200_C_A	0	chr22	0.316055486699098	-0.0138118310456818	-0.00148017406463623	0.0012292266	5.9455e-05
chr22_21592270_C_A	0	chr22	0.0184982716281419	-0.00105298089656986	0.000182640552520752	-0.00032696128	0
chr22_21453335_G_A	0	chr22	-0.0453642120844155	0.000872975249395051	-0.000141668319702148	0.0005696714	0
chr22_21406561_G_C	0	chr22	0.0136857744694108	0.00629116978005601	-6.22987747192383e-05	-0.00018465519	0
chr22_21657587_C_T	0	chr22	0.0599229581825989	-0.179201129601328	0.00267786979675293	-0.0014143586	0
chr22_21692269_C_T	0	chr22	0.0211561402101019	-0.0239780953912987	0.000119245052337646	-0.00017607212	0
chr22_21565579_C_T	0	chr22	0.0172299019423523	0.00100432885573531	3.01003456115723e-05	-0.00027436018	2.0465e-05
chr22_21600268_G_A	0	chr22	-0.026297354874784	-0.0137382945984971	-3.5405158996582e-06	9.11057e-05	1.1079e-05
chr22_21444618_A_G	0	chr22	0.530023196645242	0.000797408936434513	0.000417947769165039	-0.0021166205	3.9462e-05
